Participant,Level,Pupil Diameter Mean,Blink Count,Blink Duration Mean,Fixation Count,Fixation Duration Mean,Fixation Dispersion Mean,Saccade Duration Mean,Saccade Amplitude Mean,Saccade Peak Velocity Mean,Saccade Peak Acceleration Mean,Saccade Peak Deceleration Mean,Saccade Direction Mean
1030,1,4.568913445627592,987,0.10331875000000039,2178,298.5018365472911,0.5954754135354361,124.144260830728,9.224247112628133,167.52132475628093,3552.9155929422413,-3407.7737392280737,176.2214928216831
1030,2,4.5537989696879055,821,0.10430303030303026,2939,1441.924804355223,0.6483729483950431,139.06987115956392,9.91480133511257,155.98966988456652,3457.477346604038,-3032.8262792770124,183.1375918834229
1030,3,4.64490256930573,695,0.09295934959349599,2998,770.3505670446965,0.7825817769504636,145.2883939038687,9.48258873662601,177.41101918642852,3681.468557762765,-3852.582909569036,175.57960826681435
1030,4,4.515549492904107,786,0.09064084507042258,2256,467.84995567375887,0.6528884112103923,140.64426877470356,9.325655527683644,170.14292859305968,3421.2772613527322,-3397.542106489788,182.92483947401308
1030,5,4.495392943853702,719,0.1038965517241383,2328,471.1877147766323,0.6841387426218538,134.14405010438412,9.420707037067672,181.01519383532752,4007.4233622599018,-3848.085361159641,186.7465527924945
1030,6,4.379247532690792,933,0.13038709677419388,1739,626.1822886716503,0.7043268094592403,133.9919314170449,7.577614958017276,155.8673684815279,3281.9603092099064,-3181.058264918426,192.01099321410464
1030,7,4.380483176381697,1081,0.11763694267515873,2608,395.41794478527606,0.6640609532192142,125.7663101604278,7.77853770055906,166.55110265587894,3487.905441564239,-3614.487682007884,200.218077434136
1030,8,4.427424622876792,1004,0.11115686274509777,2504,730.8861821086261,0.8141211969680145,123.68309037900875,7.476095144483661,156.01852144426388,3394.450655598517,-3368.951819140607,186.81009959028967
1030,9,4.608078018091662,762,0.1250761904761908,1649,497.43177683444515,0.7047501600453627,149.89270895080023,9.311332497372454,167.1138766327997,3846.3670063778663,-3734.3948326781574,173.84750327081653
1105,1,4.815750784686905,443,0.07037755102040842,1960,443.2267857142857,0.6438132834456297,216.991985428051,10.077674267649517,205.39374323125693,4576.989685847906,-4918.791683940631,187.00936776589313
1105,2,4.581053353505009,550,0.08089908256880723,1740,1348.1807471264367,0.5451998955512313,187.27861952861952,11.063948416708728,226.3438671726421,4932.250475306608,-5080.6833507336605,180.89080590458983
1105,3,4.629080740938274,762,0.0865174825174824,1749,426.8473413379074,0.6700777299811289,176.98874364560638,10.066772927261166,201.40545221976475,4255.5703888521175,-4342.929448728662,172.53099567797045
1105,4,4.6484508367379505,456,0.0660094339622644,1861,607.3299301450833,0.5843760366508276,205.5031712473573,8.97869210627578,185.21760703447066,4110.710772513907,-4242.605117908373,182.22465272833213
1105,5,4.669076505969098,542,0.0734137931034483,866,223.96535796766744,0.4701114699840425,249.22811137202282,10.227545046961728,221.91830828607016,5358.055458199466,-4892.3938500242975,197.71333872474565
1105,6,4.719775579062096,853,0.08593167701863368,1360,225.44154411764706,0.5219558435994479,201.5325683428957,10.770572771560715,216.80888025922317,5042.738188516711,-4782.4459226715635,175.23595909493548
1105,7,4.78997532832941,875,0.101486111111111,721,259.7135922330097,0.6442009711894839,198.91085594989562,9.122587004730935,226.85436180406978,5448.516098060447,-5281.445347610952,178.1673047120179
1105,8,4.8343574364751305,790,0.1043385826771652,1321,238.70552611657834,0.5685844498088714,226.48558187435634,9.153756652543214,226.35098851221622,5221.200724622375,-4965.388790794052,182.3240340270484
1105,9,4.921697110608006,455,0.09091463414634142,599,212.4933222036728,0.5721840217292486,192.09821428571428,8.805668375260426,236.60565059952694,5379.2711935827565,-5012.58624643242,188.9931634373088
1106,1,3.9702881440212536,734,0.07464516129032316,2207,408.3454916175804,0.4934824893933761,164.66199712643677,8.512902411331982,208.97670431769419,4891.96028042063,-5069.649261537557,189.1751666507248
1106,2,3.8632136931584564,520,0.07538532110091795,2529,347.4302095689996,0.5073471755904616,148.34337843378435,9.461050620397534,188.11991345968258,3849.390769911104,-4143.2220671838,193.33967249800529
1106,3,3.9572609142635873,452,0.09020731707317137,2648,1571.142182779456,0.6923325774985817,143.96992153443767,7.742209891002007,177.52805398804648,4147.190284201997,-3965.9470791793915,187.58985104033223
1106,4,4.224904186009288,515,0.06872413793103464,2205,302.8655328798186,0.5683234611804682,178.15031982942432,10.76515234275213,196.28342223949372,4348.976537029156,-4204.78547592619,191.13355481732003
1106,5,3.6201504605092722,824,0.08295625000000023,3716,475.3685414424112,0.4906209753270802,146.63298192771083,8.221688006108218,174.7293401959396,3848.3821998392555,-4020.224042421453,189.5748843189862
1106,6,3.819822501520316,557,0.0656230769230769,2803,578.109347128077,0.5549875410131786,157.24512987012986,9.205301766867759,184.80273361307258,4234.214223192587,-4268.933458573921,191.57263386447875
1106,7,3.938844553334282,590,0.08721818181818133,2458,317.27298616761595,0.5136094933983442,149.29401476875242,10.087690390506754,193.47063999995308,4165.286048765928,-3955.995811509939,202.41019526198636
1106,8,3.9965841696063675,552,0.06620312500000003,2350,343.0304255319149,0.46038837030045815,143.00801341781587,8.561177046880443,196.11554809245715,4452.805728754098,-4256.55196259219,194.7611586299984
1106,9,3.778973335246245,372,0.057447916666666154,2470,345.0394736842105,0.5291481209734427,156.9449228561177,8.59777220882178,165.76543001117565,3621.0751732216077,-3664.8839519992002,184.1210588231888
1241,1,3.985550467309596,267,0.09118750000000016,2605,511.59769673704415,0.5549156874161273,88.94912060301507,5.971861901596589,138.851959425606,2727.202667639544,-2727.411071081815,219.09943668328424
1241,2,4.09085847046679,261,0.10132558139534815,2171,704.194150161216,0.6737030933497703,109.3056768558952,7.406794429620575,144.03841182042848,2397.475719968665,-2781.8450573182213,222.61306458365496
1241,3,4.048316121518334,348,0.11910000000000075,2322,686.6554694229113,0.7110010830157785,113.22521865889213,8.443466363656123,179.0181805632507,3378.463215956509,-3800.0647011466945,224.3024017244212
1241,4,4.043832943116716,265,0.08812244897959125,2445,628.2067484662576,0.6904088135679737,115.97538461538461,8.243061681613261,179.46889995241452,3028.492998604412,-3707.034633544446,210.26877710216112
1241,5,3.7962950670673594,228,0.07493750000000061,2999,444.7765921973991,0.542065590264288,103.01106194690266,7.840670140218786,176.22025935939664,3246.056654643134,-3744.9485115342613,215.50595453961768
1241,6,3.9497188479427168,382,0.11630357142857228,2095,429.5131264916468,0.532582988551072,94.21282633371169,6.89689701142478,157.32957738266134,2588.4389657502606,-3425.6743663260963,212.303542575781
1241,7,4.154377751752214,259,0.09506666666666633,1803,508.88574597892404,0.5950893652053912,101.07618343195266,6.925508614468639,173.56433122537638,2988.9585124199675,-3636.8454242302996,216.58500206163512
1241,8,3.849446397414501,290,0.08351785714285724,2598,476.7852193995381,0.5570101125939372,93.70019920318725,5.758670410720988,152.47279609279053,2805.8560637835203,-3184.60063535753,182.56429205117365
1241,9,3.977192116263269,216,0.06632000000000084,2506,591.8824820430966,0.671836836553856,117.572708113804,9.107418716949491,165.32348282220119,3581.3054530214436,-3262.085498393908,210.03997085371267
1271,1,3.8432236879885315,324,0.0652499999999999,3574,1014.4187185226637,0.7499050074273168,160.84793187347933,11.502924614194308,246.51305742477305,5169.471540950495,-5240.318385544036,181.8920364994018
1271,2,4.166255000092679,193,0.08716666666666661,2360,661.9970338983051,0.7697573313341395,122.03662597114318,12.374900934276857,184.88264752684117,3692.5546219102266,-3503.731380789065,173.79704016133203
1271,3,3.822010826707184,246,0.06785714285714248,3106,627.5318737926593,0.6284068443715704,131.5316091954023,11.202618902901358,202.93865484919462,3885.3807453852505,-4050.5497852036165,184.47560169972843
1271,4,3.7633263964934907,286,0.06795384615384557,3079,637.4988632672946,0.639378599644818,133.51589147286822,13.043047512781596,194.83829469206435,4017.3849138882547,-3468.013014996187,179.5851886613684
1271,5,3.8010018320182097,253,0.07032142857142835,3946,1343.4689559047135,0.7597460495229813,121.5093039283253,10.326393303556685,182.89507978227357,3787.829857215916,-3825.4425086735228,198.78134995983004
1271,6,3.6856527916497734,401,0.08984931506849421,3650,1009.0149315068493,0.7903208829099161,144.32423812898654,10.60555078186282,199.20471807055551,4715.515390381124,-4555.66432055574,178.18791423500892
1271,7,4.021786815280347,306,0.08366101694915283,4340,5479.139170506913,1.411435317413503,130.10751565762004,11.001850186410591,201.29218500979871,4424.260654040038,-3999.5496482246167,178.99941964971208
1271,8,3.82839800314939,343,0.0679102564102564,3620,1177.232872928177,0.7874302965958954,177.48184263618023,12.543670699277717,206.30937495733048,4389.456237715494,-4148.013790111818,190.32582207781655
1271,9,3.7552007083730805,301,0.10281632653061194,4186,1743.0741758241759,0.7580192642275939,194.08035087719298,14.075804260424619,189.94140068216552,4320.310827708114,-4058.0650897774776,193.26808701625052
1314,1,4.08949534028153,335,0.11947916666666684,2821,480.00159517901454,0.7097160720937815,122.10725167580743,11.480269176610541,173.67226672867525,3585.3213417754364,-3200.1732842951524,198.89991464511684
1314,2,4.138640305660448,217,0.08842499999999942,3640,4594.547115384616,0.747315948394725,138.62913385826772,12.337607394088666,198.07659894322805,4152.6012763679255,-3753.4061338456445,187.51608021855722
1314,3,4.144556966247279,228,0.08356818181818171,3308,648.267684401451,0.6576155443633394,123.09154383242824,9.902576916192707,174.8014962159212,3654.2266577569344,-3509.8821943123544,189.6991638503767
1314,4,4.06723351515507,328,0.13992682926829333,3447,1629.4894110821003,0.7092539254439203,125.23333333333333,12.700528939484073,197.61015204019222,3723.913705417027,-3697.9408616953324,196.95724758797886
1314,5,4.3364646167977465,203,0.08676315789473642,3287,749.5911165196228,0.7013280032315066,142.93568147013784,14.372474311950265,213.69317290164884,4332.267345840678,-3687.43100026113,205.3798535020279
1314,6,4.524068431619243,427,0.15074000000000004,3495,768.9648068669528,0.6964122311525895,132.55943331029718,13.42099935299614,209.91059130654278,4247.620696553607,-3761.428437034279,203.73361848904514
1314,7,3.923100448680441,233,0.09946153846153925,3854,783.4161909704203,0.6278765210162631,105.47450657894737,10.183199621062466,158.22353208318248,3152.13752276499,-3061.8230857484455,206.85737678970068
1314,8,3.9774113307090526,225,0.10154054054053885,3933,1751.1731502669718,1.000278261442353,113.54077849860982,9.674447702602734,172.5194256497528,4015.458127268733,-3715.3902102475295,186.89398918733278
1314,9,4.451454035446375,243,0.08336170212765995,3833,1242.1690581789721,0.7705432069133449,166.8235294117647,13.769576410441255,208.37102999805288,4019.6319005551773,-3963.3277424978724,212.60534959363244
1323,1,4.138731397599914,235,0.07785416666666631,3377,840.1187444477347,0.6046198770244264,137.84979137691238,11.471665943061312,164.13613885708162,3287.0218815451976,-3021.8315209328166,188.84143851046895
1323,2,4.205177446239514,351,0.09889830508474656,2297,570.5949063996517,0.5568729033358554,111.40821917808219,8.37558324114293,153.74949067942538,3037.4959847702753,-3093.6093636998053,177.98332093966414
1323,3,4.254668388647643,300,0.10238775510204026,3597,2088.2574367528496,0.5674907648758818,151.54020100502512,10.227395229645696,146.05679988990875,2490.0411718893347,-2825.8163748458564,193.07161208319607
1323,4,4.126498501974862,294,0.10776086956521698,4209,2108.126633404609,0.7649420004958087,173.86896551724138,11.775588544876515,153.69752298437396,2862.1193231394677,-2884.8834023305903,206.57404975910936
1323,5,3.9317375036133972,250,0.1018780487804868,3057,414.20543016028785,0.6013857109875389,138.79039301310044,8.562837383608151,122.03458111736505,2334.8304608578824,-2299.246395379138,193.0541539962772
1323,6,4.09184781265847,347,0.097508474576271,3433,554.2487620157297,0.6569152113143444,129.95980465815177,10.450800936424798,156.74573803652424,3086.7888001092224,-3237.5228193144962,185.72563230079945
1323,7,3.9255185273428737,297,0.09419230769230867,3563,449.6017401066517,0.6634074468730912,127.50213561131874,8.920488983212287,141.3928976847876,2848.0264855226196,-2784.2564103465133,180.97373851907554
1323,8,4.421603664051119,317,0.07750769230769228,4055,1669.1906288532675,0.8497296738374339,159.11237373737373,9.86935854993061,147.21388931933964,2864.045336336139,-2647.261329055469,190.55502464080448
1323,9,4.179663281616399,257,0.07692452830188648,3307,480.5503477472029,0.7350102833202268,152.93932455638236,10.503834770219472,150.447416627608,2979.3138641842465,-2794.835820939816,183.7071231286764
1337,1,4.421113334516685,362,0.08054166666666623,3362,678.2825698988697,0.5953670003067307,128.4387011265739,11.760415255938808,204.2859117117617,4478.907860831213,-4135.518714979737,199.36050971424882
1337,2,3.6369269441903116,307,0.08225000000000011,3773,867.2381394116088,0.6832525648897935,111.93029016277424,8.663879489775363,170.9437049957134,3656.359796796057,-3404.89046277894,189.16293922809254
1337,3,4.17052465129264,273,0.06950819672131137,2089,427.1771182383916,0.6085703403238638,126.192119944212,9.349864877432408,191.72092230042406,4086.888765838519,-4082.6258703801354,192.02406487216717
1337,4,3.84802581438117,262,0.06879661016949112,3302,600.6729254996972,0.721374883935368,125.74636510500808,9.752516195247344,194.60067195099143,4290.616882830389,-4176.2211322039375,205.34630593737418
1337,5,3.8256283339262005,254,0.07066071428571442,3626,525.226971869829,0.5128392475847711,114.36761640027797,9.594260300657519,177.50576129962965,3855.3654646980794,-3650.3095828015576,193.37899852352166
1337,6,4.197019330901489,504,0.0957701149425287,3005,404.03743760399334,0.5730530145896916,122.72698684962836,9.741908936734955,190.49362771488026,3772.8895860597913,-3866.105239417029,189.12934950306723
1337,7,3.9338380837865454,356,0.07486666666666653,3392,615.3772110849056,0.671090513619446,119.59975520195839,6.9786818065473755,179.49417155110623,3867.4489051540236,-4080.239695115859,185.5114923312712
1337,8,4.685842584328663,1090,0.07155462184873947,641,146.31201248049922,0.4828213634170835,217.96748299319728,10.188778144029916,254.34209550842453,6028.179421536833,-5950.186233314936,197.0553984562017
1337,9,3.6857210523089137,343,0.05792045454545442,3623,584.6236544300303,0.534263788873673,116.93666666666667,10.880861165284355,210.88027140818375,4499.539733667464,-4180.067334678234,199.04422493941922
1372,1,4.594134457863715,448,0.06141818181818158,2915,632.7722126929674,0.7245818206661354,147.95963602426505,9.188996938795707,170.76456792225272,3692.303665066684,-3287.2070118776755,181.08172159243537
1372,2,5.165027820909231,512,0.08131683168316842,2898,504.968253968254,0.7201020375423162,183.32920234339792,9.860039222514265,181.47930253859096,4111.177566004548,-3962.624803190134,191.79652169506033
1372,3,4.443835197975389,485,0.0889325842696627,2371,672.4445381695488,0.716351044524698,162.8815155497153,9.766285491448796,187.07971899544916,4424.694982873875,-4257.7068139789435,182.5323919973885
1372,4,4.601489455448425,431,0.07266666666666696,2601,1538.9894271434064,0.6884801321124187,153.43079880392995,10.738529559312589,172.726919352369,3781.3128948304065,-3667.0770801522463,191.8097456645685
1372,5,4.566004668383231,678,0.07283561643835651,2100,445.7857142857143,0.5263444241124796,160.44626967830254,10.881987044899194,191.4430714390633,4406.765537693421,-4398.580903973235,169.7542248732793
1372,6,4.440778206237415,315,0.052413793103449,3234,669.2424242424242,0.6017212171173657,149.05839925546766,7.382857045703391,143.44813182828045,3234.0695813371176,-3094.1902549960273,175.2484743301514
1372,7,4.597770000179609,1024,0.08132673267326748,1809,314.5453289110005,0.5303859966130926,175.23188679245283,9.933022399797562,173.47096663368583,3993.836689971501,-3798.9235561185774,180.63812674608022
1372,8,4.4819188747235845,371,0.04031707317073195,2672,457.29640718562877,0.586021117477556,148.78112764291308,8.239574394725402,140.7589391337673,3322.1099504921904,-3165.777336919744,180.38088119616827
1372,9,4.611455265662306,681,0.06454037267080691,1423,232.13141250878425,0.5121469781451076,172.11068818514008,9.971748043530097,181.77880331696534,3973.1407694564928,-3844.071366812916,179.19899042596117
1417,1,4.369739350698945,113,0.10550000000000057,3945,2047.6447401774399,0.6974774763780109,121.26636363636364,13.146261078956474,191.8846104070088,3668.1657016494423,-3481.203349267186,187.4390089745744
1417,2,4.492718827754384,138,0.0610588235294111,2847,430.88566912539517,0.6072703423854817,129.96940726577438,11.864726069731136,200.87637555647981,4074.898824335003,-3953.780154921328,190.0377952268386
1417,3,4.381766685379074,228,0.08597674418604757,3680,640.221195652174,0.6781140057825946,134.55131761442442,12.036747134611128,190.55819254657553,3957.8164852213868,-3521.779651651635,191.23856257699265
1417,4,4.299157655455416,70,0.057777777777778344,4254,2872.8983309826044,0.6143430057956433,117.08339768339768,11.677135198762159,182.84317641873653,3699.910936370879,-3498.003365579342,193.14122538545823
1417,5,4.232423946296285,54,0.03138095238095322,2821,585.3181495923432,0.6412436904077811,114.63020214030915,8.251090295376391,161.17747937892366,3445.5989654274435,-3204.423400517401,187.00417183210902
1417,6,4.958633337120215,282,0.11109302325581386,3572,689.5858062709966,0.7813093629432514,159.90019255455712,15.324433514216736,209.47912043880044,4266.684413992602,-3808.773679643042,185.89759674758707
1417,7,4.398458278618037,137,0.0468292682926831,4051,524.1488521352752,0.5315766145619227,124.87136627906976,10.132939116155004,179.0554969676017,3790.88109292991,-3316.7554813276547,189.4596935439483
1417,8,4.368968016561539,125,0.05139999999999948,4291,1463.673619202983,0.973080920915881,140.90531914893617,10.81741440069638,196.09203574639923,4089.9621391648902,-3653.0038939001515,188.9197077452122
1417,9,4.434002838802909,111,0.06218518518518593,4197,648.207410054801,0.4445028581469096,127.50906735751295,12.34458200092087,171.55310239010348,3525.5174273278,-3223.3415545175503,195.34873238408932
1434,1,4.425936046121599,250,0.0779803921568625,3310,546.325075528701,0.5879175853195884,132.5149942329873,10.273483132709389,171.39830195164674,3859.5479684863085,-3515.8213806185568,193.2258058713672
1434,2,4.359915063122683,306,0.08369491525423715,2820,619.5764184397163,0.6290816264840589,136.0345584201865,10.61200604151465,164.49783470133846,3346.4640597942657,-3262.3575190353354,180.28485753123255
1434,3,4.601782149350461,430,0.10828358208955172,2535,583.0842209072978,0.6634866746162816,151.52697547683923,10.220463982199332,178.44959239136224,3969.419327023763,-3667.895429923822,183.6199749089061
1434,4,4.376110931839806,516,0.09720454545454534,2662,607.931630353118,0.5096329915102058,148.02976445396146,9.597694176341651,163.1097022621673,3699.179944924348,-3335.016832781822,190.0889135539922
1434,5,4.348770824612815,276,0.07677192982456166,2985,742.8276381909548,0.530645452502079,140.71781067743382,8.191861670512237,149.6673140045592,3533.6468522074006,-3082.4305503510354,187.34199310092654
1434,6,4.400465533226669,343,0.1069814814814818,4186,1045.9916387959865,0.650226432618345,112.53027604630454,10.844551839116363,194.1682243031157,3496.4994955792376,-3633.0659019194673,219.144436004704
1434,7,4.358363040579447,187,0.10893103448275931,4808,9923.661397670548,1.036006286703374,120.24441132637854,9.99210906639895,194.24759314951012,3449.1047676790063,-3795.574673995733,180.25763235211306
1434,8,4.162315958702588,242,0.10410256410256484,3896,1795.0594199178645,0.6725830352656127,104.52783725910064,11.315423129969307,189.5932514744551,3722.9984331869664,-3044.3411273091147,181.13342980600478
1434,9,4.492072445228634,221,0.127333333333331,4059,2153.8689332347867,0.6307770127355842,118.48995815899582,12.62672764501122,173.29684379170993,3396.7196419660854,-3174.4624008200076,212.61861975468176
1544,1,5.106689429223588,205,0.07102222222222186,3400,1166.8775,0.7706712230792907,167.68267223382045,14.549992544085095,201.10550016326692,4109.694752231167,-3888.5587465887593,176.61918186244134
1544,2,4.706613929588583,229,0.08900000000000005,4210,2807.490023752969,0.6374053885649184,132.18109939759037,12.445942649920456,193.1469106385314,3586.1856333463093,-3834.81693894213,181.5556522852942
1544,3,5.032476683027501,240,0.07407843137254905,3914,1221.1745017884516,0.8575079610578785,147.7793103448276,12.936295514912645,179.50311273165957,3377.2129220451366,-3472.2001169225964,191.8908176297264
1544,4,4.447009497745922,187,0.05056603773584915,4098,1455.7624450951685,0.4967391866294167,140.17908496732025,11.77916573435075,178.7634167241329,3299.428668412445,-3456.9580979660486,194.9430898003168
1544,5,4.463932564316146,176,0.06380952380952518,4197,1037.401834643793,0.6107860721575691,114.89250700280112,10.086679747118854,156.09292840483275,2874.424590932871,-2931.501485044786,192.89429284237423
1544,6,4.3476990401586,389,0.09963076923076808,3641,771.4500137324911,0.5937510944329458,121.40199637023593,11.477134043644362,176.3692825127343,3122.377506028611,-3227.2152985317884,206.54815401127402
1544,7,4.565842634652874,325,0.0980909090909097,3777,1555.0217103521313,0.7798708052803953,151.7107607950651,14.025997080682579,190.75162470991293,3692.2468166907333,-3612.8539387606556,189.93424636070338
1544,8,4.540291426680071,176,0.07508108108108019,4365,1756.849255441008,0.7797538439602885,154.8869150779896,11.642340872147482,184.68487912719698,3631.688212334445,-3790.8768494901674,193.4650933511733
1544,9,4.750492922928212,256,0.07305454545454462,3484,1132.1107921928817,0.639647878308885,171.90927536231885,12.75169848993554,200.53116199707625,3652.8960437790624,-3607.9841922010683,191.83455097728563
1547,1,,0,0.0,0,,,,,,,,
1547,2,,0,0.0,0,,,,,,,,
1547,3,4.483992341466541,1216,0.13681935483870986,1908,497.80214884696016,0.601143156073531,154.94905905256326,12.879099233620362,262.28896572611575,6304.415371993808,-5835.297715073063,191.5391043044584
1547,4,4.660564624135452,1238,0.13761783439490416,1647,347.67455980570736,0.6980680872055293,126.03047263681592,10.861310546634192,208.46932311300083,4246.772839907246,-4391.400838481522,193.55433290646977
1547,5,4.433297802554536,1027,0.09341988950276293,2601,380.2814302191465,0.6128254774716122,123.5329162132753,9.911577027218065,175.844228698193,3782.4975867294766,-3708.9485290884495,196.7491256272353
1547,6,4.096739387273987,1218,0.11526666666666684,2359,364.8463331920305,0.7579975560915966,143.2739064089522,11.058942448672333,202.61878307232732,4430.370907520069,-4125.237409714114,187.56179393237852
1547,7,,0,0.0,0,,,,,,,,
1547,8,,0,0.0,0,,,,,,,,
1547,9,4.249226483615809,983,0.10759740259740228,2303,352.2294832826748,0.5047466061660908,156.03536637018212,13.389627388484117,235.03483307314264,5340.122347133803,-4474.40553592366,180.78014541230579
1595,1,3.8796070614061158,382,0.09226470588235261,4407,1205.1171999092353,0.6940507073365791,109.99865229110512,9.7404229418422,196.40198208045118,4083.6938601217803,-4121.7760537151435,189.3194783906494
1595,2,3.968189314747111,493,0.09202272727272677,4082,1340.8846153846155,0.7079158176734901,124.29252782193959,13.232975122776272,215.56805055718934,4274.851581668436,-4465.197075929259,192.8452686637874
1595,3,3.959167228092121,379,0.10020634920634942,4320,4162.634143518519,0.7382218551097565,120.38458401305057,11.39492668050038,200.09369566551663,4145.82823839597,-4010.2949295264266,201.34561166867059
1595,4,4.125706432144549,327,0.07205633802816801,3649,673.026719649219,0.5704373134229712,141.24861196792105,13.49123674727494,210.6845951967201,4608.109923267497,-4694.604745759514,210.0025425743962
1595,5,4.221154282455073,377,0.08921739130434804,3433,899.6239440722401,0.6296694188954227,126.79501385041551,10.10292294158014,172.2781563335066,3572.2325938613117,-3413.699618759955,197.69003762649334
1595,6,4.0442026865342555,446,0.09580519480519532,3886,1153.608723623263,0.7858630544465975,133.2634971796938,11.07330210752066,215.55120737645353,4211.209295956972,-4515.6876352726085,203.9572419868013
1595,7,3.7297940299739993,283,0.08873076923076878,4689,2380.5672851354234,0.7108279778779906,127.72701149425288,10.76760696715827,202.20640483015382,4207.327374264075,-4162.1920071665445,195.5206750319139
1595,8,3.948184186976736,254,0.056939393939393984,4517,2212.9066858534425,0.8527595296213395,118.64107883817428,10.318759839364521,202.31602418776458,4051.6431824812535,-4292.726933987696,192.56867863407646
1595,9,4.057412878799502,323,0.09129310344827522,3767,531.6862224581895,0.6470437011665069,152.44606494221244,11.00090248497006,188.52862913452242,4015.594915539181,-3892.8176630865937,192.73712521599518
1629,1,4.070910079989405,345,0.05340425531914939,2677,472.49290250280166,0.5414728210167311,144.71619217081852,10.250902277912402,211.88938475418811,4477.736974419337,-4655.322830369699,198.2328522269096
1629,2,3.970277413840057,255,0.047052631578947256,3163,3709.541258299083,0.5032333480419884,136.03097040605644,10.982309401169998,208.64418522022635,4718.315640992216,-4647.643311723583,185.0776467300046
1629,3,4.158885827904202,325,0.051406593406593905,3090,1389.869579288026,0.5034300061451256,128.95358788676762,10.14775117494632,227.7376188519354,5735.983870654803,-4850.849838681083,185.21502001917347
1629,4,4.1089661021239845,323,0.05683333333333335,2619,342.14891179839634,0.4609576578325106,128.4923076923077,11.304347648214703,204.69953830722122,4515.658750873548,-4205.766700226064,198.10371075212618
1629,5,3.8860242707559753,350,0.07206578947368392,3194,508.509549154665,0.5351495239206491,119.1821926489227,10.916298781035719,203.39999361560666,4709.14995182087,-4016.030032071604,192.70348795853866
1629,6,,0,0.0,0,,,,,,,,
1629,7,3.9732656146961878,426,0.07255434782608673,2756,843.6888606676342,0.6559512473811234,140.96082337317398,10.255159324033967,247.2643815413919,5820.28463462487,-5363.485305041881,199.3540211512851
1629,8,4.107820259021478,205,0.04212121212121226,3610,3552.160110803324,0.6515485620003298,132.59805194805196,6.6098873997481435,243.20800206464872,6303.805611609613,-6134.500024990235,191.37394232499383
1629,9,,0,0.0,0,,,,,,,,
1716,1,3.874296418931661,442,0.08154022988505778,3322,493.95936183022275,0.5012508235179649,121.68322147651007,9.908021313061276,192.97804501671288,4075.260729894634,-4271.211212052262,189.720658019099
1716,2,,0,0.0,0,,,,,,,,
1716,3,,0,0.0,0,,,,,,,,
1716,4,,0,0.0,0,,,,,,,,
1716,5,4.056123421519379,414,0.07407954545454591,3247,1503.8417000307977,0.4424037732775764,108.60176125244618,8.660422127659643,189.79021400788258,3381.040863684836,-4004.680020496367,200.55166052476162
1716,6,4.126630585484311,542,0.08520388349514556,3210,515.6246105919004,0.5494821918076758,110.61038220193953,9.559798920371941,180.27568596451036,3405.947892620177,-3747.8219938921115,193.3238209430979
1716,7,,0,0.0,0,,,,,,,,
1716,8,,0,0.0,0,,,,,,,,
1716,9,3.9335484712779882,428,0.09562162162162174,3387,605.5783879539415,0.5366930323819308,126.03432180120812,8.940169731991624,166.2541974318738,3941.377012168669,-3616.7677664359244,199.1485182686439
1717,1,3.4328275339683203,550,0.08276635514018678,3505,630.1189728958631,0.7059681575615381,127.81373801916934,10.820546597549823,202.47312198802177,3743.1001101686325,-3900.797879441002,179.32152351635122
1717,2,3.5355019130821095,651,0.11015000000000011,3286,495.69963481436395,0.7635141596809365,138.93634686346863,10.536886169340386,212.97352754689825,3599.1100235820945,-4083.1907327866493,188.49758887555672
1717,3,3.5348052291678016,611,0.1059072164948452,3188,478.09645545796735,0.7467152745352829,137.05175202156335,10.447223332767146,208.2592811465509,3451.808531475093,-4322.776335577455,199.26287812388566
1717,4,3.756871984865059,491,0.07717821782178147,3649,566.4967114277885,0.9062862737350351,140.96882566585955,9.719173171122343,181.9503419699484,3243.5352648474345,-3453.593059814155,174.82629346141448
1717,5,3.5247687619127985,653,0.09252586206896594,3481,534.0191037058316,0.7039760284976057,110.37532552083333,9.546721422045229,199.7883400347845,3468.4343039137166,-3965.1127445694747,176.2894911172164
1717,6,3.6429961706811573,843,0.12524137931034457,3284,463.2627892813642,0.69320130496962,124.63261538461539,9.061863083949058,194.88027850740374,3589.2313156873943,-3739.563931941037,184.15384412321293
1717,7,3.625549975679724,719,0.11309259259259255,3350,483.2434328358209,0.7548056912094439,111.48764629388816,9.037387110979079,202.0636014582175,3314.858243003433,-3744.0761982847343,174.46220235825305
1717,8,3.5771021209807605,736,0.09497656249999961,3384,597.5403368794326,0.7395116556966618,124.41394335511983,9.453443878347297,200.51028288344037,3854.4711529799147,-3859.427334759894,183.42593210245673
1717,9,3.6122612311717077,646,0.08852100840336151,3291,486.9536615010635,0.7189784029981159,119.95541401273886,9.929892469080169,209.68529595389617,3505.440418558421,-4192.913116459052,178.74058955130215
1744,1,3.9210476363443836,526,0.1008965517241375,3240,639.520987654321,0.7270791828219666,121.93185078909613,11.29168381388717,172.9972148834157,3483.8244323989616,-3190.1448245176716,193.91870141873144
1744,2,3.9701140580715597,393,0.1109666666666665,3327,570.2977156597535,0.6413510979816057,101.97339322736697,8.798482332737363,141.5503806355685,2901.2764498110846,-2797.384823022056,185.55992306878795
1744,3,3.734640306219471,410,0.09710000000000031,3676,616.5224428726877,0.5610546448484007,112.51467351430668,10.734864619596339,159.63697569269314,3122.908137916245,-2959.0436621308913,203.6283514092034
1744,4,3.8407106896258174,304,0.08472413793103419,3209,503.07167341851044,0.5814022432009507,120.93896103896104,10.827875708076723,187.17863173728816,3634.547309569577,-3683.1998165005016,199.16055638815897
1744,5,3.8664747038670133,297,0.07734426229508237,3232,534.1613551980198,0.641304998598627,130.76757188498402,8.710729317012598,158.96773617811786,3154.605991917076,-2981.704021118848,202.881910277172
1744,6,3.9128160553183626,382,0.07664556962025385,3502,716.0562535693889,0.6421836372835459,112.140625,9.291697758539803,164.2894744223575,3165.2549019188573,-3042.5350061648583,194.31739745142326
1744,7,3.9423434297592044,366,0.09255384615384518,2844,493.39574542897327,0.6339712268642741,117.61457521434139,9.88490482356675,178.50128454538338,3426.0678255564435,-3555.295086729282,193.9765604296588
1744,8,,0,0.0,0,,,,,,,,
1744,9,,0,0.0,0,,,,,,,,
1868,1,4.629687711129897,803,0.08226751592356694,2088,382.4449233716475,0.4817125796573575,172.11448304730013,10.460497460205845,213.94570131161927,5361.9554245282,-5121.235157221209,171.9440995610149
1868,2,4.556616423667708,270,0.07637499999999968,2802,1996.7182369735904,0.6334839970640811,138.5532581453634,9.74005794106232,176.71665292178767,3884.9420653955863,-3576.266655050036,180.2695000720733
1868,3,4.555328950474534,382,0.07089285714285745,2451,476.1515707874337,0.6156896917303256,157.38298429319372,9.416387748062263,187.2077515166419,4191.077360280525,-4313.887961658804,173.5621446536647
1868,4,4.759562794841345,578,0.10037500000000037,1336,418.75898203592817,0.5368177662111605,176.2806925498426,11.670305726036126,228.03341324980127,5240.124400470601,-4921.341658198395,185.6414496319243
1868,5,4.388130415089522,448,0.06782352941176452,1692,251.9346926713948,0.48770956424643475,137.6632007233273,8.81022823719519,181.62352085712655,4587.896259866439,-4160.585014260299,163.71097732441876
1868,6,4.633786645474075,266,0.06173846153846208,1416,342.3993644067797,0.5861769553246784,163.3597972972973,8.402911324735266,190.04597052128796,4897.997212623179,-4474.5501117489985,171.91916905662842
1868,7,4.541558706571816,487,0.08035051546391793,2403,2069.2750728256347,0.6938306967735558,161.16984924623117,9.579688350544329,193.97384325071332,4465.698090307083,-4428.617732892902,172.84578415906878
1868,8,,0,0.0,0,,,,,,,,
1868,9,,0,0.0,0,,,,,,,,
1892,1,3.698204531262987,332,0.07754411764706026,3571,534.5562867544105,0.49397990175049616,106.25200989486704,10.04068614589052,171.33154980652034,3439.536646057075,-3379.656502411638,192.6293423687278
1892,2,3.719705197451354,347,0.07767605633802788,3577,1290.9261951355884,0.5659291593011481,116.91166077738517,9.520413857883119,186.14175236669777,3787.5669652496435,-3849.939581372148,196.1237973314181
1892,3,4.0030025009509425,454,0.0920123456790117,2085,267.1465227817746,0.5277624514726001,128.0393347412883,11.465160019144854,214.9071584464002,4250.6101628840825,-4439.037435232037,193.9564487397787
1892,4,4.1180579655175205,271,0.07030000000000038,3433,901.5779201864259,0.6023729728223588,107.43060628195764,10.367925165195997,183.69092322017724,3420.048464645509,-3548.225676112061,193.29114295103562
1892,5,3.8434160568371047,360,0.07348051948051972,3604,474.586986681465,0.5107805499248091,99.76373626373626,9.570028600699185,176.1122529606957,3442.695274581862,-3544.0679441807715,199.33142849566187
1892,6,4.25443954242618,386,0.06385869565217345,3560,1273.5599719101124,0.5488035823249443,120.11158940397351,8.6487997638718,193.15980196782922,4619.824956215509,-4035.5180466334764,176.74809584250806
1892,7,4.251494003446161,489,0.0910909090909085,2973,582.8730238816011,0.630199576318563,113.54653039268423,9.215557391077994,169.03327578150663,3514.779772030919,-3439.4465005367883,192.10945595176383
1892,8,3.9080596295775454,441,0.07088659793814439,2104,286.8046577946768,0.486094621557734,127.68611987381703,8.280230797041636,168.2497955854339,3775.292392584824,-3367.8442501689933,195.06097697528287
1892,9,4.255244006422025,528,0.09227659574468122,2363,323.1785865425307,0.5929553526350061,130.66315345699832,10.129153406960762,185.0242138670171,3669.697481810511,-3858.2534002227353,199.52886413407143
1953,1,4.2850274708315474,478,0.10574999999999984,2420,631.1716942148761,0.8716164472003866,158.63172966781215,11.614131268450604,208.38133858184176,3898.9608234281536,-4141.900627976835,188.00654322433107
1953,2,4.194487092655763,342,0.06880519480519441,3398,430.01412595644496,0.6489155673226122,169.65452322738386,11.355403141322512,190.22793593759076,3604.2826064080423,-3769.4245528900733,193.27716088636515
1953,3,4.457129005370618,363,0.07546052631578949,3166,470.7135186355022,0.786590901034874,149.35595493562232,11.114896986612207,183.0203083236221,3613.7983846627294,-3470.8088381408893,194.19821157856634
1953,4,4.331724721636456,359,0.0697124999999992,3479,444.4405001437195,0.7189384267581577,124.61459489456159,9.848306772570655,176.77199106707243,3581.4520049126304,-3508.713683311389,180.0098332403203
1953,5,4.241845734655169,278,0.06173529411764735,3845,476.97321196358905,0.6703472762384531,113.69979852249833,8.704774737093205,152.74513784769883,3044.8277596858366,-3082.0325539654705,185.64096186962652
1953,6,4.166342057751958,343,0.07142666666666732,4126,755.1375424139602,0.7083661417942521,113.52207505518764,8.400654908686324,140.64349772516107,2854.616786345677,-2737.34841565267,181.08194444638306
1953,7,4.045412509759267,371,0.07271250000000029,3227,375.5278896808181,0.6406445132746681,146.81412337662337,10.182857153134004,168.51121302925029,3334.63872827815,-3359.9492416374424,195.38419715827064
1953,8,4.045303187707097,290,0.06526470588235292,4148,1346.8830761812922,1.034419440848753,151.98376383763838,11.226206752645442,168.10474868033373,3158.955894246339,-3099.1419351493314,183.20011253959584
1953,9,4.360221528658902,255,0.054955882352940896,3541,550.8959333521605,0.8141306268604706,141.71293800539084,8.583156565488638,154.1575525275645,3033.303492611251,-2990.2828159869696,197.20475505186675
